date,CO,HCHO,NO2,O3,SO2,CH4
2025-08-24,0.0339189264923334,0.00022874586291436573,4.334911524589794e-05,0.1159498307783648,0.00031575942693962133,1883.025390625
2025-08-25,0.0330519083194261,0.00023148308884045484,4.767681009480821e-05,0.11638903589743485,0.0003991077466218725,1883.025390625
2025-08-26,0.033794338240959565,0.00021758398301633566,5.2684822988917824e-05,0.11623406574223773,0.0002912438650562751,1883.025390625
2025-08-27,0.034087614646075175,0.00021175718035984351,5.0737153325188075e-05,0.11615583283018388,0.0002833705675943024,1883.025390625
2025-08-28,0.03292220899369046,0.00021021335825016592,4.793841013393304e-05,0.11610585676049283,0.0002351993366824321,1883.025390625
2025-08-29,0.03156088922232713,0.00018816164720661898,4.3232593533544045e-05,0.11564645665527885,0.0002329888705143703,1866.4813720703125
2025-08-30,0.030828997771813686,0.00017885428610716548,4.261764555061713e-05,0.11567322909831997,0.00021297580095693255,1873.3362232349536
2025-08-31,0.0300693693863042,0.0001719848358451005,4.0056559395561906e-05,0.11580113451576453,0.00019185831140732575,1873.3362232349536
2025-09-01,0.02971112882151232,0.00016352895356783296,3.820216901343393e-05,0.11576428111306772,0.00018855639084921014,1873.3362232349536
2025-09-02,0.02917875270842138,0.00015134241653798195,3.583694085793538e-05,0.11562916069941695,0.00016834194488473292,1873.5466600206162
2025-09-03,0.028600643750685127,0.00014280205884602357,3.475682847398419e-05,0.11545516839362739,0.00016122101840212717,1876.7070306631765
2025-09-04,0.028433773506700524,0.00014210396456825026,3.388645631602769e-05,0.11534056427109535,0.00015683674259995764,1874.1207914760414
2025-09-05,0.028956532441756607,0.00014558401696500344,3.3988479500305056e-05,0.11523118414017211,0.00016274199564324108,1874.1207914760414
2025-09-06,0.029055070613607348,0.00014287245044828414,3.348447099348586e-05,0.11505727227927856,0.00015943412199598443,1874.1207914760414
2025-09-07,0.029556396937761877,0.00014677534253398195,3.536006848672953e-05,0.11494732013663402,0.00015532191857831501,1874.1207914760414
2025-09-08,0.03011093925348872,0.00015137354852724262,3.69689559315707e-05,0.11481997454187495,0.0001584495454085309,1874.1207914760416
2025-09-09,0.030094872981107558,0.0001512713243798584,3.747263499292635e-05,0.11482059302327369,0.00015242031983417155,1874.1207914760414
2025-09-10,0.02988866728949395,0.00015187153500598953,3.7455614428744414e-05,0.11489138140712142,0.00015181934300677975,1874.1207914760414
2025-09-11,0.02969304383984102,0.0001497438864744359,3.7061022307184925e-05,0.11495587365126536,0.00014771380835387017,1874.1207914760414
2025-09-12,0.029699174560511014,0.0001504555638979725,3.698616973054057e-05,0.11494534077509391,0.00014519940466576662,1874.1207914760414
2025-09-13,0.029701383647567175,0.00015212489715415423,3.697467454010997e-05,0.11499993931518837,0.00014618712397139065,1875.2238109315524
2025-09-14,0.029684981997871895,0.0001540207160394466,3.691788117418418e-05,0.11506097466009146,0.00014625133336087124,1875.2238109315526
2025-09-15,0.029745946913441963,0.0001548933924941567,3.726190110224579e-05,0.11508819018356908,0.00014279768762439854,1875.2238109315526
2025-09-16,0.02968216941207902,0.000161625040191911,3.7940960139139614e-05,0.1151259130030964,0.00013570382752138964,1875.2238109315526
2025-09-17,0.029914744214821036,0.0001619141015548374,3.892013175500327e-05,0.1151445081380178,0.00013712330150799146,1875.2238109315524
2025-09-18,0.02986414326856441,0.00016051717204119736,3.8513337902895994e-05,0.11508801727621921,0.00013390394135918886,1875.2238109315526
2025-09-19,0.029688318034657938,0.0001590131735324742,3.8072503393573866e-05,0.11501531868360823,0.00013042847233872695,1877.5407669517188
2025-09-20,0.029532232401888237,0.0001590131735324742,3.764358551465967e-05,0.11501531868360823,0.00013042847233872692,1879.7569539787848
2025-09-21,0.029548957132491952,0.0001586842809925014,3.7474125692624915e-05,0.11497449149902292,0.00012403026263167418,1867.889194371922
2025-09-22,0.029505517575117404,0.00015747903259453542,3.733140011234431e-05,0.11494134812965431,0.00013219892396067396,1867.889194371922
2025-09-23,0.02967886158870901,0.0001574782626589021,3.858234646849684e-05,0.11486960599464333,0.00012485714469764403,1862.1558191277813
2025-09-24,0.029909987353739096,0.0001581463513979725,3.918763105161767e-05,0.1147480460347955,0.00011271249243552282,1853.6141157997588
2025-09-25,0.029641708496046016,0.000157742367697126,3.8039972302917134e-05,0.11465256425104278,0.00010959600662041553,1854.244701736141
2025-09-26,0.02949120730039991,0.00015616919563382685,3.7570457969415504e-05,0.11458119771351806,0.00010019047676891198,1856.3459434811598
2025-09-27,0.029643535643888944,0.0001539906411307342,3.751144930595107e-05,0.11461896319899681,0.00010410767725175828,1856.3459434811596
2025-09-28,0.02983935784301005,0.00015537645572549918,3.734011126030616e-05,0.11474433232513272,9.622446768283062e-05,1855.7040570397767
2025-09-29,0.029953308420019555,0.00015550470041856795,3.70871136677416e-05,0.11477437689561068,9.206823360170871e-05,1853.0922346627383
2025-09-30,0.030132664893546515,0.0001566334867188509,3.6969416241887256e-05,0.11470573062624403,9.37836746389098e-05,1853.0922346627385
2025-10-01,0.030250074200345416,0.00015888354565844932,3.74384634931106e-05,0.11471376912994681,9.12519208705626e-05,1853.0922346627383
2025-10-02,0.03033829877616023,0.00016254554191907206,3.818727923371676e-05,0.11473896652660917,9.023831629687122e-05,1851.1753495977507
2025-10-03,0.03074859199840126,0.00016695645668252096,3.919850982364056e-05,0.11482948432312494,8.67924251625871e-05,1847.3580332341833
2025-10-04,0.03099464373502076,0.00016880842588247878,3.9834905431188336e-05,0.1148500335666368,8.465639250401067e-05,1849.2571599228227
2025-10-05,0.030914587375514,0.00016798136341413734,3.937238203352786e-05,0.11490646146759988,7.174652694111066e-05,1849.2571599228227
2025-10-06,0.03096591835700563,0.0001704137814953928,3.9511162817252277e-05,0.11510933504874166,6.355021404511995e-05,1849.2571599228227
2025-10-07,0.031179155426007132,0.0001704022019261117,3.943428460056666e-05,0.1153223689926682,6.182067529085885e-05,1838.7483857963161
2025-10-08,0.03115989511130212,0.00016969360638737502,3.916243789764272e-05,0.115458330199765,6.392690864421598e-05,1838.7483857963161
2025-10-09,0.03147818344966535,0.0001706821959053186,3.957935236881826e-05,0.11560270648118294,6.283992628631809e-05,1838.7483857963161
2025-10-10,0.03182318557196159,0.00017168771736513362,4.017678666105774e-05,0.11565598810839677,6.622290065094743e-05,1843.0876312345138
2025-10-11,0.03202799742998137,0.0001753878856371949,4.046124818866216e-05,0.11556352531873788,6.108154640198776e-05,1843.0876312345138
2025-10-12,0.03190941283643798,0.00017474474451018406,3.987663764259516e-05,0.11556524102578583,5.493036629955443e-05,1843.0876312345138
2025-10-13,0.031775077869732035,0.00017429362639716784,3.968980725557944e-05,0.11561018978609545,4.9524192138190993e-05,1839.5645133772318
2025-10-14,0.03170379206120045,0.00017106989140222331,3.954956926954357e-05,0.11569413774197469,4.048900645431864e-05,1842.1519140908042
2025-10-15,0.03169180242811554,0.00017065534190696026,3.923800037254587e-05,0.11578694484987344,3.7204639451556794e-05,1845.1017599340853
2025-10-16,0.03174970271876351,0.00016444564107412148,3.874206569556037e-05,0.11595519270617359,4.503827000152539e-05,1849.0787019922614
2025-10-17,0.03154576822258681,0.00016355985988545873,3.7609180417872176e-05,0.11610374516855186,3.786826396050689e-05,1849.9775692335759
2025-10-18,0.0314779573334814,0.0001646196296807414,3.771308173932684e-05,0.1162873220873489,3.6403538969785235e-05,1849.9775692335759
2025-10-19,0.03190819761331158,0.00017015071155821826,3.859870564134974e-05,0.11637152615944646,3.16782512133919e-05,1846.850291386483
2025-10-20,0.032116233425187386,0.0001692121573725403,3.8697141185343804e-05,0.11636633986804724,3.059181390066311e-05,1842.955202247342
2025-10-21,0.0321297148181638,0.00016930584057729925,3.8824126702516046e-05,0.11648681446202167,3.2407489289200705e-05,1849.7781892754408
2025-10-22,0.03227356461101226,0.00017099375773010702,3.9025261288884226e-05,0.11667729643698857,2.024030588610937e-05,1849.7781892754404
2025-10-23,0.03196501606824848,0.00017013348796390295,3.7679517745760086e-05,0.11674851457853164,1.6138671251195534e-05,1851.9678757383358
2025-10-24,0.031689875797895686,0.00016692343410868433,3.647642423866441e-05,0.11687109596595872,1.1749345118448877e-05,1860.3449550602163
2025-10-25,0.03199614657410077,0.0001648845764156806,3.699662144684474e-05,0.11699783746771165,1.8315818821053198e-05,1860.2520448406462
2025-10-26,0.03215901559775107,0.0001698471333379538,3.755157980348298e-05,0.1171289070684489,1.9264222775399e-05,1857.5884448930537
2025-10-27,0.032132158754108214,0.00017100661910260124,3.765074912419464e-05,0.11711063214669226,1.3790262604915234e-05,1857.5884448930537
2025-10-28,0.032078055891973316,0.00017009135183219796,3.8574244322672344e-05,0.11697748105151352,1.0509558516990585e-05,1859.8735327666836
2025-10-29,0.03217063462167979,0.00017189810750814627,3.8875753257945395e-05,0.11697645042825996,1.2098848652708098e-05,1859.8735327666836
2025-10-30,0.032184912702603846,0.00017211620336091065,3.960765261426467e-05,0.11699337420411075,8.57609860104309e-06,1859.8735327666836
2025-10-31,0.03200342992479575,0.00016831580385968866,3.814313291649307e-05,0.11700937408227587,3.2585790107150757e-06,1859.8735327666836
2025-11-01,0.03220926088925087,0.00017121167763927623,3.822136579067916e-05,0.11704391219518466,5.027137862552804e-06,1859.8735327666836
2025-11-02,0.03212182324313335,0.00016695336317780116,3.6816526101394763e-05,0.1170993458831085,2.1782828356529278e-06,1859.8735327666836
2025-11-03,0.032062439495086276,0.00016625437386844904,3.6557773532003603e-05,0.11722926518545956,1.466768290330541e-07,1856.488977823338
2025-11-04,0.032020365763215645,0.00016630605781793348,3.7228600548027415e-05,0.11725895773595979,5.15137312749789e-06,1856.4889778233382
2025-11-05,0.032032129164824355,0.00016600208755241625,3.752724804398852e-05,0.1172234214514306,1.0152284797388728e-05,1856.488977823338
2025-11-06,0.0313602156069558,0.00016743436360811765,3.7003680129933456e-05,0.1170327822507927,2.0911411986294855e-05,1881.0546444817555
2025-11-07,0.030881560218926112,0.00016948142314519662,3.7031699292423174e-05,0.11696178315195643,1.6477376632877336e-05,1881.0546444817555
2025-11-08,0.030488143925013443,0.0001691702307878789,3.600218327510897e-05,0.11687043488213099,1.5995147568672487e-05,1881.0546444817555
2025-11-09,0.030195770975995344,0.00016821528010800525,3.50290424310307e-05,0.11685238004011923,5.1477527078005475e-06,1878.6134728385223
2025-11-10,0.030100727487403865,0.0001660585063007993,3.485244765388562e-05,0.11692311627403743,8.839864961917073e-06,1878.6134728385223
2025-11-11,0.030299724681400582,0.00016708197376316366,3.580787016656389e-05,0.1169990001656349,1.314519791390694e-05,1878.6134728385223
2025-11-12,0.030553579879075685,0.00018579085858485436,3.60879439577215e-05,0.11695878078352727,1.2743456160192149e-05,1878.6134728385223
2025-11-13,0.030754144576806242,0.00019168534173417983,3.63832522952561e-05,0.11685247048735614,1.9208676182441877e-05,1881.2801898046619
2025-11-14,0.030754323193286248,0.0001932845586013189,3.642528163729811e-05,0.11679258777191802,2.1775495172130127e-05,1881.670329680266
2025-11-15,0.030819882348601363,0.00019590182588647803,3.621359465900427e-05,0.11666425953871046,1.0956990183516369e-05,1862.5617106119792
2025-11-16,0.030787658148042987,0.0002099196049012556,3.6767512757023536e-05,0.11655498220579427,2.4986139709621734e-05,
2025-11-17,0.030970295486761706,0.0002207089634583676,3.725941119653481e-05,0.11646045384073406,2.5779980911049044e-05,
2025-11-18,0.03109335894264869,0.00022133776928340266,3.59733415485532e-05,0.1164024919037174,3.82378989955386e-05,
2025-11-19,0.031089546319034846,0.00024063289358003403,3.667893234742812e-05,0.11636441650817977,2.5519750301047953e-05,
2025-11-20,0.03114744779622645,0.0002461457424196308,3.670861031118158e-05,0.11632409794900399,2.7319922522643736e-05,
2025-11-21,0.030977796368258516,0.0002448981067364602,3.670861031118158e-05,0.11614561277740404,2.2008220723274907e-05,
2025-11-22,0.03084149225938066,0.00026844036652343486,3.589760075970454e-05,0.1161530846038704,2.43085689966745e-05,
2025-11-23,0.03083769731368385,0.00026844036652343486,3.862627369183183e-05,0.1160463542402165,2.43085689966745e-05,
2025-11-24,0.0305026069120775,0.0002774016429295588,3.816500653618709e-05,0.11602386133569587,1.3345422283507282e-05,
2025-11-25,0.03012795433315633,0.00027738300162260973,3.832605858238365e-05,0.11588218076705178,1.349965955221041e-05,
2025-11-26,0.029826323305434714,0.00027738300162260973,3.832605858238365e-05,0.11577074313126266,1.3499659552210408e-05,
2025-11-27,0.029868626268485743,0.0002903953564901542,3.832605858238365e-05,0.11588207902211058,2.37190395097271e-05,
2025-11-28,0.029725796676019767,0.0002903953564901542,3.793917121304859e-05,0.11575835889334193,2.3719039509727095e-05,
2025-11-29,0.029578620862585094,0.00029909111438730017,3.816111535390375e-05,0.11566515968843069,3.479558863735423e-05,
2025-11-30,0.02974110243050755,0.00031790655589214695,4.31848946658936e-05,0.11565286333924564,5.535496356045916e-05,
2025-12-01,0.029741102430507545,0.00032718622455730437,4.31848946658936e-05,0.1156830434013837,5.535496356045916e-05,
2025-12-02,0.02959461310365406,0.00035332714655891405,4.749616142992797e-05,0.11558226203112479,7.386977017225333e-05,
2025-12-03,0.029577231681869914,0.0003429050713248479,5.223300964892766e-05,0.11549859422745191,6.818006592134762e-05,
2025-12-04,0.029577231681869914,0.0003429050713248479,5.223300964892766e-05,0.11547637351747575,6.818006592134762e-05,
2025-12-05,0.029421567381522743,0.00032930101342679526,5.36583725215869e-05,0.11540237791695682,7.135556825716407e-05,
2025-12-06,0.029487310627442406,0.00033796060258884086,5.43164142226475e-05,0.11548775930262208,4.430572397408103e-05,
2025-12-07,0.030056653415130384,0.0003297146245883368,5.0874814681868286e-05,0.11548987231070887,2.533779683395354e-05,
2025-12-08,0.02979219657831528,0.0003297146245883368,5.0874814681868286e-05,0.11547019926819407,2.533779683395354e-05,
2025-12-09,0.029792196578315285,0.00032524079047178506,5.0874814681868286e-05,0.11546032423118373,2.533779683395354e-05,
2025-12-10,0.030019140539211314,0.000318259014043356,5.1114093657184356e-05,0.11548671443132481,3.367742621835699e-05,
2025-12-11,0.030038835838806687,0.000318259014043356,5.1114093657184356e-05,0.11540178650486392,3.367742621835699e-05,
2025-12-12,0.030050188751802338,0.00028996680111635013,4.972706611003067e-05,0.11531045680994503,3.22201745840559e-05,
2025-12-13,0.030046299165651408,0.0002892055710854727,4.883304222706233e-05,0.11524401442528516,3.7362373050804256e-05,
2025-12-14,0.02984048335976273,0.00028337303611799825,4.883304222706233e-05,0.11524231051030397,3.7362373050804256e-05,
2025-12-15,0.02978299838283975,0.00027838643886888154,4.787196597678348e-05,0.11521196081390915,4.5020862529957714e-05,
2025-12-16,0.029805386562988517,0.0002593903728949936,4.787196597678348e-05,0.11515827904800945,1.4968727392866686e-05,
2025-12-17,0.02979791288688525,0.0002490518865095088,4.752796529630261e-05,0.11515584520573882,1.7113007574490643e-05,
2025-12-18,0.02931786480784162,0.00024684572682996355,4.830970130582242e-05,0.11522180144235768,1.076924812063062e-05,
2025-12-19,0.02929281703645032,0.0002295347590936554,4.830970130582242e-05,0.11516646854813738,2.9525780459282047e-05,
2025-12-20,0.02920977827829613,0.0002239846348681101,4.830970130582241e-05,0.11507548107384881,7.133858669157484e-05,
2025-12-21,0.029025332734465947,0.0002161148128112445,4.830970130582242e-05,0.11507310267982988,8.590650442387623e-05,
2025-12-22,0.028859722000624796,0.00018836411015918118,4.662250255944547e-05,0.11509582063874356,8.24716174120162e-05,
2025-12-23,0.028724690931011855,0.0001889076789438103,4.449306893108003e-05,0.11511750280763364,0.00010696881624923987,
2025-12-24,0.028455931610315243,0.00018750760809155563,4.449306893108002e-05,0.11511790272106161,0.00012019793631492551,
2025-12-25,0.028367649118098623,0.0001862895742848745,4.419415416419434e-05,0.11518218432488678,0.00012168750778239033,
2025-12-26,0.028479582262327937,0.0001939479487180235,4.4194154164194334e-05,0.11522559243834239,0.00012227356742342354,
2025-12-27,0.028479582262327937,0.00019436892290760556,4.333230435689844e-05,0.11511884408551937,0.00010703901632122098,
2025-12-28,0.028305976088805553,0.00019749868182655927,4.3985245287554624e-05,0.11518418337657763,0.0001250963469427354,
2025-12-29,0.028294702095490728,0.00019779429211500612,4.7493361137197994e-05,0.11515058101910461,0.00015801830638697718,
2025-12-30,0.02841503636450201,0.00020058115237075284,4.810235921597569e-05,0.11510120691180974,0.00016739305592053616,
2025-12-31,0.028415036364502006,0.00019230662116434443,4.810235921597569e-05,0.11503844568095861,0.00016739305592053616,
2026-01-01,0.028469504714528065,0.00018154617205163017,4.798509154942554e-05,0.11503542756790631,0.00016620628402838972,
2026-01-02,0.02849446738022188,0.0001806836878375492,4.450099647543384e-05,0.11486496400533228,0.0001695538385867456,
2026-01-03,0.02847450788260396,0.0001784124919696245,4.3316435080953114e-05,0.11473777256203142,0.00017117938094199646,
2026-01-04,0.028506810434414498,0.00017858110523396117,4.1974497389452726e-05,0.11466914836153291,0.00017603872563725015,
2026-01-05,0.028506810434414494,0.00017933294293397492,4.1974497389452726e-05,0.11455880984570244,0.000158992232453292,
2026-01-06,0.02816457767746091,0.00018302948784652254,4.3095938681167625e-05,0.11447418537810912,0.00016518978676912798,
2026-01-07,0.028270906479796007,0.00018302948784652254,4.3095938681167625e-05,0.11442616591288607,0.00016518978676912798,
2026-01-08,0.028213513198800933,0.00018314602341754131,4.392700221664285e-05,0.1143186736594206,0.00018044803867865722,
2026-01-09,0.02792141786078661,0.00017906140208474001,4.253803190579997e-05,0.11425727827462759,0.0001718959324675311,
2026-01-10,0.02780820688995471,0.00017906140208474001,4.253803190579997e-05,0.11425191726793282,0.0001718959324675311,
2026-01-11,0.02769225539553691,0.00018248950051282518,4.291619002866799e-05,0.1142516569849455,0.00016870313484920827,
2026-01-12,0.02757805383456703,0.0001814334302452237,4.314875823107485e-05,0.11426060628965963,0.00017321281714173306,
2026-01-13,0.027663049764924046,0.0001803452364412401,4.314875823107485e-05,0.11415508798552006,0.00017321281714173306,
2026-01-14,0.02747173507920068,0.0001754558922735619,4.2568724440870576e-05,0.1140125181361939,0.00017012400901734827,
2026-01-15,0.02747173507920068,0.0001788106382065831,4.256872444087057e-05,0.1139361683958731,0.00018433581531529522,
2026-01-16,0.027385623034043134,0.0001768519464955619,4.249945505006545e-05,0.11379509226612324,0.0001817458476084624,
2026-01-17,0.027280073392052205,0.00017032314820507758,4.178645488948624e-05,0.11370747245426446,0.00016464058750468192,
2026-01-18,0.027191144673430312,0.00017032314820507763,4.178645488948624e-05,0.11371147179472368,0.00016464058750468192,
2026-01-19,0.02725888548587418,0.00016998795904743635,4.094493731365065e-05,0.11375901586604566,0.0001442498807637288,
2026-01-20,0.027306901165582625,0.0001698158442068518,4.06047114331678e-05,0.11370735476789232,0.00014199376292834244,
2026-01-21,0.027226296168507805,0.00016556775114086894,4.106786161426581e-05,0.11358477541673104,0.00013993388285962887,
2026-01-22,0.027189334711030754,0.00016422210371531463,4.166035030242054e-05,0.11352192073498128,0.00012807018652161547,
2026-01-23,0.027378893709712353,0.00016411826546111367,4.1660350302420546e-05,0.11338967846343348,0.00012025560030031913,
2026-01-24,0.027334941844992817,0.00016225488932725566,4.0691394591071203e-05,0.11331828394963302,0.00011413486554730226,
2026-01-25,0.02724766183456876,0.0001538833813705724,3.887633872159367e-05,0.1132855449317011,0.00011136192178960055,
2026-01-26,0.027107921962597203,0.00014995568331791227,3.820036263558352e-05,0.11324072203733633,0.00011867148086840234,
2026-01-27,0.027541489556151388,0.0001448600443670186,3.820036263558352e-05,0.11317716399266282,0.00010300150653639846,
2026-01-28,0.027383983212173835,0.00014191772169117235,3.427904088222794e-05,0.11321367901170025,6.891666075498103e-05,
2026-01-29,0.027392585058432457,0.00013344156422382672,3.34162233322403e-05,0.11320852467661378,5.0580526999119e-05,
2026-01-30,0.02768969931075495,0.00013677144756064455,3.246223086341683e-05,0.11318708728506875,4.931529130228464e-05,
2026-01-31,0.0277788889877556,0.00014869763437666677,3.306087435635938e-05,0.11317727860039882,4.708821981500365e-05,
2026-02-01,0.02778555842859854,0.00014763012690768585,3.262385904353302e-05,0.11331267980097222,3.9106552585366565e-05,
2026-02-02,0.02796115161502564,0.0001420569336255968,3.410825938370602e-05,0.11338044719407389,1.855230942867673e-05,
2026-02-03,0.02807299459882925,0.00014312693390508387,3.29164918466643e-05,0.11342058827948268,1.0898076363975713e-05,
2026-02-04,0.027956272703958344,0.00014047239762968937,3.2941274988295517e-05,0.11347927533136971,2.2463098070373923e-05,
2026-02-05,0.028032960408381092,0.0001367497915441735,3.286846636168899e-05,0.11357377193540143,1.6674385713186024e-05,
2026-02-06,0.028179585892454232,0.00013955320766721984,3.251611583412529e-05,0.11358831070785248,2.053244536714042e-05,
2026-02-07,0.028241022136231482,0.0001325779410487707,3.123579495194914e-05,0.11364419450456237,-5.01032399439403e-06,
2026-02-08,0.0285771618918211,0.00011314423400603001,3.117944343164794e-05,0.11366328558644404,-1.0254938664057889e-05,
2026-02-09,0.0285771618918211,0.00011314423400603001,3.117944343164794e-05,0.11363887228305983,-1.025493866405789e-05,
2026-02-10,0.028496318660381364,0.00011377672845395749,3.060689841790291e-05,0.11364122813321505,-6.201653276526135e-06,
2026-02-11,0.02853769511967401,0.00011800315248266635,2.993866515065823e-05,0.1136103511746949,-6.6130046338917845e-06,
2026-02-12,0.02861010961571581,0.00012043045746149677,3.0002532914302146e-05,0.11357406744229714,-2.4400444361861636e-06,
2026-02-13,0.028791209829325475,0.00012182096413314079,3.0015314228156963e-05,0.11363279487726823,-4.964007050320831e-06,
2026-02-14,0.028578932875574312,0.0001266931557106421,3.0015314228156963e-05,0.11365883332097301,3.239814776176658e-08,
2026-02-15,0.028696694684183406,0.0001277871349554427,2.9907187927767908e-05,0.11370858494778097,2.5773031127150078e-06,
2026-02-16,0.02880120787435345,0.00013559399662808495,3.026830917206615e-05,0.11375612852239755,1.4392360697875761e-05,
2026-02-17,0.028847325043152065,0.00013949587086561173,3.026830917206615e-05,0.11380650733345707,1.8815311426482992e-05,
2026-02-18,0.028856898662924905,0.00013930075226165634,3.0282156558607105e-05,0.11378430251805284,1.8739625856205834e-05,
2026-02-19,0.02899413582985978,0.00014066613709146935,2.997330141706262e-05,0.11376126978850959,1.6712346983981832e-05,
2026-02-20,0.0291924202313629,0.00014117076161634733,2.9924120158449044e-05,0.11367684925595914,2.544290790499819e-05,
2026-02-21,0.02916322371311471,0.00014579738293199983,2.9924120158449044e-05,0.11370847373263634,2.544290790499819e-05,
2026-02-22,0.029302349594624365,0.00014579738293199983,2.9924120158449044e-05,0.11374411763822502,2.544290790499819e-05,
2026-02-23,0.02939885210202209,0.0001415536904985899,2.9941436967807804e-05,0.11374081819780961,2.003537015702973e-05,
2026-02-24,0.02956010984903292,0.0001416292405683073,3.097117949398902e-05,0.1137666651287918,1.7395506508521952e-05,
2026-02-25,0.02952619293048508,0.0001361373685712266,3.157001708879498e-05,0.11378620443104194,2.972345130471965e-05,
2026-02-26,0.029415350077629847,0.00013885344777715437,3.265800042726566e-05,0.11380248029464442,2.948377765373503e-05,
2026-02-27,0.029096275197972234,0.00013771168157110036,3.247907425961801e-05,0.11374657774964965,2.7872798517577622e-05,
2026-02-28,0.028803699059631052,0.00014392103813091697,3.188637395831863e-05,0.11372005574920639,3.232619349943574e-05,
2026-03-01,0.028616225605316466,0.00014696905798415336,3.268512631197052e-05,0.11371309086680409,3.2661925901197826e-05,
2026-03-02,0.028519614981023806,0.00014298629750979247,3.2061432949402055e-05,0.11372478596350678,4.152787350909242e-05,
2026-03-03,0.028578857218552422,0.00014112243223525847,3.223572307858649e-05,0.11369972086083961,4.467497950391932e-05,
2026-03-04,0.028344248619460298,0.00014799759056583755,3.1054103803655e-05,0.11366682005284715,5.7568421420285084e-05,
2026-03-05,0.028158160825645852,0.00014176231036777255,3.155089833015607e-05,0.11359880924599722,5.581182043548341e-05,
2026-03-06,0.028279365153507107,0.000141606317531646,3.1413443951368464e-05,0.11360087113091778,5.783892063054875e-05,
2026-03-07,0.028013794305158327,0.00014239911828011991,3.110599387679633e-05,0.11361784453755651,5.168937741000563e-05,
2026-03-08,0.02794557506790003,0.0001411848284586634,3.105520208341277e-05,0.11357316091750398,4.394598915790511e-05,
2026-03-09,0.028203247072681216,0.00014741088633412743,3.165777374679207e-05,0.11350913358934266,4.853516541557984e-05,
2026-03-10,0.02819893212687747,0.0001708384855718274,3.210357611759994e-05,0.11345640147725738,6.218958261615744e-05,
2026-03-11,0.027891083914756074,0.00016626078201347345,3.070916576418742e-05,0.11340197648079887,6.406869788969763e-05,
2026-03-12,0.02788031323415664,0.00016205983121557883,3.101076084471186e-05,0.11342995288611954,6.474190898941649e-05,
2026-03-13,0.02772961572393175,0.00016155247220710716,3.1687647049754e-05,0.11348692692769394,7.163286798516705e-05,
2026-03-14,0.0277833332713102,0.00016333638923556003,3.2263352092655324e-05,0.11357157474043979,7.410197695972976e-05,
2026-03-15,0.02789275120185168,0.00016459314824290267,3.260255881534062e-05,0.11364996151166887,7.227880737730308e-05,
2026-03-16,0.02809434121836819,0.0001632956959128763,3.3059411011338255e-05,0.11369915089610984,7.043630249730973e-05,
2026-03-17,0.027974927810401184,0.0001633708499789324,3.3365682940218385e-05,0.11373151283031734,7.183301128123274e-05,
2026-03-18,0.027725982480932453,0.0001640230667250034,3.330679960116963e-05,0.11370879870446966,8.914653199972897e-05,
2026-03-19,0.027529507510778952,0.00016046924286605216,3.328731364204273e-05,0.11364790535291781,0.00010269120879554593,
2026-03-20,0.027529507510778952,0.00016544491761438112,3.328731364204273e-05,0.11368937355073738,0.0001124997462839283,
2026-03-21,0.027400772884399054,0.00016659543561410486,3.293948456146005e-05,0.11373261481804663,0.00010908570314581325,
2026-03-22,0.027359016036729415,0.00016492632385073876,3.2035551440850455e-05,0.11387379171807056,0.00010654681572594719,
2026-03-23,0.027361429121788444,0.00016110552399462095,3.20166871125979e-05,0.11395915920535718,0.00010584430461809305,
2026-03-24,0.02729080355050033,0.00016686186980470867,3.201668711259789e-05,0.11403932280885343,0.00010683272720086209,
2026-03-25,0.027394793659092958,0.0001719063653030068,3.254895009543005e-05,0.11417414920416262,0.00011120294925680232,
2026-03-26,0.02748683858839319,0.00017133556323598988,3.338146680521908e-05,0.11423371416405305,0.00010829115021486962,
2026-03-27,0.027640318846218943,0.00017624394577527645,3.435447417518854e-05,0.1143956895050762,0.00010213651137565077,
2026-03-28,0.02764031884621895,0.00017548828557041645,3.368977979659138e-05,0.11447189670501261,0.00010511521163494339,
2026-03-29,0.02795590843655703,0.00017740276875336485,3.429872309846418e-05,0.1145777893844265,0.0001266299077217438,
2026-03-30,0.028223664055312306,0.00017461883845233453,3.413458474057987e-05,0.11467751193346463,0.00013859187826924065,
2026-03-31,0.028223664055312302,0.00017448571823728743,3.391917760993401e-05,0.11476617506558787,0.00013839844017480234,
2026-04-01,0.02821581283579136,0.00017552701415067553,3.370768728354064e-05,0.11484671345203175,0.000125559980184065,
2026-04-02,0.02820877650747562,0.00017268852889993345,3.389659894414084e-05,0.11497480376805148,0.00013350530553430607,
2026-04-03,0.02822484221397454,0.0001722787415103463,3.356110064771127e-05,0.11512934691126239,0.00013290706639144544,
2026-04-04,0.028311157224892483,0.0001784268699001008,3.3592019303503294e-05,0.11527602154316388,0.00013885781846423043,
2026-04-05,0.028226578271849025,0.00017791936803076224,3.340143243044026e-05,0.11535680369011256,0.00013883771962019535,1896.9866885230651
2026-04-06,0.028306140043940074,0.00017546147880799327,3.329611868158725e-05,0.11539565185612098,0.00013992581357216892,1896.9866885230651
2026-04-07,0.028243232126353855,0.00018311062078230645,3.3620393917320366e-05,0.11554181356475031,0.00014384420194545598,1896.9866885230651
2026-04-08,0.028161385198524097,0.00018229692846325076,3.3448267402797295e-05,0.11568365320094719,0.0001457660324664651,1896.9866885230651
2026-04-09,0.028081157162547745,0.00018618281996719,3.323537427644457e-05,0.11584155929725867,0.00014455939923353457,1896.9866885230651
2026-04-10,0.02835711531429642,0.00019211782932078596,3.4894610426504694e-05,0.1160441670215354,0.00015426060026350012,1896.9866885230651
2026-04-11,0.028606350791468733,0.00019502515494183222,3.604884251973636e-05,0.1162194967410474,0.00017421860439074586,1896.9866885230651
2026-04-12,0.028602367192121943,0.00019498253960724461,3.5760229401784044e-05,0.11633527103647491,0.00017701229458230806,1896.9866885230651
2026-04-13,0.02844801566313455,0.0001928713335417129,3.504026597930062e-05,0.1164177074887842,0.0001815642120115367,1896.9866885230651
2026-04-14,0.028243149633686793,0.00018943666006826314,3.4525039305634294e-05,0.11644266023294723,0.0001871921185894975,1892.3279111242193
2026-04-15,0.028180777798920045,0.000188123639439402,3.431240590737776e-05,0.11647055326205374,0.00019879116985228523,1884.771807758468
2026-04-16,0.0281391643542333,0.000186799658371423,3.4095219260133065e-05,0.11656626028084899,0.0002104987790820269,1883.701411506165
2026-04-17,0.028260274391770722,0.0001867396771054451,3.3802751336844376e-05,0.11666148541108612,0.000204498184138979,1872.4915247127442
2026-04-18,0.02844335961333231,0.00018677640737957524,3.4139209664709706e-05,0.1167940181943605,0.00019777106981491246,1872.4915247127442
2026-04-19,0.028555055691238757,0.00018373354539544088,3.448703854428162e-05,0.11691310013052797,0.00018927930446062738,1872.4915247127442
2026-04-20,0.028728997929609132,0.00018333734078715107,3.5325219152731415e-05,0.1170888708541228,0.0001895079412158568,1872.4915247127442
2026-04-21,0.028824989041461163,0.00018789727792490287,3.714462689703392e-05,0.11712641522944343,0.00019243802290971705,1872.4915247127442
2026-04-22,0.02883706661936103,0.00018934230805944376,3.7373225314585365e-05,0.11712958050786318,0.00019613280808400716,1872.4915247127446
2026-04-23,0.028837066619361033,0.00018461331833067034,3.755645486748454e-05,0.11712706704746997,0.000188509320602054,1872.4915247127446
2026-04-24,0.028882592952881193,0.0001820160332864347,3.670324113418297e-05,0.11712468961874638,0.00018793282404854539,1872.4915247127446
2026-04-25,0.028790724488320974,0.00018095420839049845,3.5814858459901235e-05,0.11718315559456928,0.00018755308494817433,1869.4248114468182
2026-04-26,0.028693238740145545,0.0001811925810192801,3.505001611131481e-05,0.11715615369238937,0.0001830759631272474,1872.0397135224962
2026-04-27,0.028693238740145538,0.0001811925810192801,3.5050016111314815e-05,0.11718039986847327,0.0001830759631272474,1872.0397135224962
2026-04-28,0.028415847096496628,0.00018071101029212177,3.4823715186653154e-05,0.11715180650822017,0.00016378391610709226,1872.0397135224962
2026-04-29,0.02818611848146003,0.00017912048393836646,3.398142525858693e-05,0.11718929433410269,0.00014671400201220357,1872.039713522496
2026-04-30,0.02814526588984102,0.00018236078929725503,3.418147544703951e-05,0.11713921189683034,0.00014953869008353408,1872.0397135224962
2026-05-01,0.028068187654267884,0.00018339509156622505,3.553487159051005e-05,0.11708088228069007,0.0001519233257813373,1872.0397135224962
2026-05-02,0.027747871740842825,0.00018550064644435885,3.564406199199245e-05,0.1170418428737412,0.00015390670561660796,1872.0397135224962
2026-05-03,0.0277387097295452,0.00018466218026218613,3.5994910209312884e-05,0.11702451596282558,0.00015739114712874026,1872.0397135224962
2026-05-04,0.027713379464911987,0.0001831269098302532,3.6336423138298216e-05,0.11707713340625817,0.00015647671823856518,1872.0397135224962
2026-05-05,0.027708873443428653,0.00018382728361809135,3.640162355480487e-05,0.1170745868630896,0.00015715011332772505,1867.8818843557347
2026-05-06,0.027671282987609964,0.0001835844454882599,3.706061576510943e-05,0.11715277660548412,0.00016719095031397007,1868.788824983487
2026-05-07,0.027588830061920182,0.00017501378249591974,3.733215838003307e-05,0.11717972863240134,0.00016635854688011457,1872.2685081677496
2026-05-08,0.027540380398805797,0.0001721163915071222,3.726084256600932e-05,0.11713417334919554,0.00016923416086236733,1875.401836723474
2026-05-09,0.027376272635897897,0.00017043586597038137,3.71446017053116e-05,0.11708030154566212,0.00017268930839152012,1875.401836723474
2026-05-10,0.02759489279874266,0.00016684510737683227,3.6517973963754404e-05,0.11703272478469559,0.00016763325835463463,1875.4018367234744
2026-05-11,0.027346184183865033,0.00016138007139750236,3.580349175935441e-05,0.11688981980822187,0.0001468430384883231,1877.1191143860647
2026-05-12,0.027351223081635043,0.00016001034362522315,3.6709463284190806e-05,0.11677418647742376,0.0001412516164928018,1875.895741481587
2026-05-13,0.027400381825844186,0.00015858954373646934,3.733390943872167e-05,0.116701845663782,0.00014016526459987552,1876.4592450746393
2026-05-14,0.027254123386795562,0.00016061792599938267,3.789610488664471e-05,0.1166156964472306,0.00013201000064756157,1875.440164288209
2026-05-15,0.027420488624355904,0.00015870887029994737,3.797112403046861e-05,0.11663835234431062,0.00012046531197427938,1876.0182206143334
2026-05-16,0.027521126816862255,0.0001600538726489466,3.857591097990933e-05,0.11660451343599347,0.0001036494131768043,1875.5213314882312
2026-05-17,0.0274828419770956,0.00015988545820733632,3.9330254695962235e-05,0.11655875622120933,0.00011262353511217141,1881.505000731877
2026-05-18,0.027382492242084278,0.0001611013017822262,4.001032154910764e-05,0.11651952017920307,0.00011416995569433649,1881.505000731877
2026-05-19,0.027370573442984457,0.00015819411721643714,3.955028584262882e-05,0.11640237575722882,0.0001134533508598676,1881.5050007318773
2026-05-20,0.02747859765100246,0.0001556554862100229,3.9139058508667406e-05,0.11633146041367991,0.00011015557005738932,1881.5050007318773
2026-05-21,0.02736514358372683,0.00015281651499738657,3.781647488731264e-05,0.11636434522110214,0.00010185928490839671,1881.0550262853233
2026-05-22,0.027600014390007605,0.00015565852458345532,3.866871336162026e-05,0.11635543704129842,0.00012122779163254089,1881.0550262853233
2026-05-23,0.0276902423206408,0.00015597632777066155,3.911837890003325e-05,0.11641388181439447,0.0001412091430105096,1881.0550262853233
2026-05-24,0.027715597504928934,0.00015967863693804385,3.977107380534548e-05,0.11643451889982911,0.0001687116826548859,1881.0550262853233
2026-05-25,0.027881820774082907,0.00016111724868454793,4.086276945099052e-05,0.11638786431423778,0.00018673001615128227,1884.4254989313401
2026-05-26,0.028240043363668765,0.00016334621982914244,4.1202226088892626e-05,0.11638098887774406,0.00019270718609411735,1883.953552210594
2026-05-27,0.028369066590731115,0.00016337154448470655,4.205829029048554e-05,0.1164101158440229,0.00019254000586607322,1883.953552210594
2026-05-28,0.028626824826047635,0.00016575790638278905,4.251160389084076e-05,0.11652178756005585,0.00019536739903382768,1883.953552210594
2026-05-29,0.028917936341439073,0.00017033518250379794,4.4236648428727224e-05,0.1165720920236605,0.00020660376252545063,1885.6727523493087
2026-05-30,0.02898351913578512,0.00016572304848927198,4.423664842872723e-05,0.11664970262762624,0.00021008330014122572,1885.6727523493087
2026-05-31,0.029133751908789154,0.00016657417549317168,4.359064400570047e-05,0.11667931556372028,0.0002141072952940302,1871.5742695850192
2026-06-01,0.029349821649677005,0.00016941078559580688,4.3842291251414165e-05,0.11666186805875094,0.0002060882959727451,1871.5742695850192
2026-06-02,0.029587829116231996,0.0001724348902069434,4.4928258837922105e-05,0.11665044730758228,0.00020424164908798857,1876.320150731986
2026-06-03,0.029687236029507482,0.00017227825427193157,4.551509675968645e-05,0.11655859337972986,0.00019794746910390922,1876.320150731986
2026-06-04,0.02979825576278532,0.00017322376989427018,4.748963782730715e-05,0.11655020519809899,0.0001941300832825209,1876.320150731986
2026-06-05,0.029866206745965643,0.00017119214386473411,4.738197052257818e-05,0.11650959395762503,0.00018984291293860112,1878.2312957515173
2026-06-06,0.029834028464817672,0.00017042298368689004,4.687695641802833e-05,0.11647542552003315,0.00019074406974272637,1876.4676552660262
2026-06-07,0.029704091368789216,0.0001694987008383641,4.732663973318548e-05,0.11647857928519724,0.00018061885143119826,1872.462204012771
2026-06-08,0.029632125349436118,0.000163028863055971,4.783440751611076e-05,0.1165264047729144,0.00019524527969786578,1876.5995115801315
2026-06-09,0.029581594433295045,0.00016346332388657273,4.900875237609392e-05,0.11657680705095982,0.00019986510351414617,1876.7725844913957
2026-06-10,0.029793653201938306,0.00016559143713010317,4.988178469138953e-05,0.11667721498312436,0.00021252502172359984,1875.336036413397
2026-06-11,0.029942306044181768,0.0001663221716529769,5.0129780805930444e-05,0.1167613857947055,0.00021261011345758416,1879.2031665860447
2026-06-12,0.030006553451028962,0.00016809332974997233,5.046555195738611e-05,0.11664414359432343,0.00021174719654007317,1878.8577047848278
2026-06-13,0.03013229211731811,0.00016862719893313022,5.026074318813368e-05,0.11657463159857301,0.00021334413831057073,1878.8577047848278
2026-06-14,0.0300166290849439,0.00016981389967053463,5.013107815608527e-05,0.11638345870206938,0.0002109878157523733,1881.3597277068088
2026-06-15,0.02992605520528552,0.000169922292367799,5.0456723678904534e-05,0.1162897376050739,0.00020509668304686694,1881.3597277068088
2026-06-16,0.02991915276110256,0.00016554225215888003,4.990386712195904e-05,0.11627924509768213,0.00019551951368785122,1880.2565648374696
2026-06-17,0.029912744423027427,0.00016629166714064166,4.9276361762638875e-05,0.11628788152018431,0.00018735793267184747,1881.8037233582072
2026-06-18,0.029933208408210742,0.00016997549301792664,4.99576197783939e-05,0.11634389480236189,0.0001909426657648631,1883.9723690018914
2026-06-19,0.029844023789119316,0.00017270484297100353,5.060027745195624e-05,0.11638311747016393,0.00021935679598030628,1885.3556819252751
2026-06-20,0.02997959272384402,0.00017253914535268582,5.100330899485035e-05,0.11644972779747072,0.00023315463801751977,1885.919999869017
2026-06-21,0.029864123074423817,0.00016711735181822946,4.9831172344243516e-05,0.11657643528104575,0.0002200996326882542,1885.919999869017
2026-06-22,0.029752707238785564,0.00016575216318894214,4.882509443481907e-05,0.11660291096605593,0.00021504372120180094,1886.4890774716362
2026-06-23,0.029698132430227675,0.00016455224668886423,4.9146789644691025e-05,0.11659984937722574,0.00019995970187201696,1882.7140729119465
2026-06-24,0.02949945428920578,0.00016448624029301025,4.815509699896572e-05,0.11654680274754946,0.00018540318448650813,1882.7140729119465
2026-06-25,0.02927444620672446,0.00016184748140277602,4.767351064143289e-05,0.11654908095234591,0.00018165955323809073,1883.1786209265467
2026-06-26,0.029114864428399525,0.00016027783411344288,4.6613935084466546e-05,0.11648015638567365,0.00017825489998508725,1883.178620926547
2026-06-27,0.02914620307299309,0.00015742566529348864,4.62812796045557e-05,0.11629173147415961,0.00017906409575794968,1882.449979885155
2026-06-28,0.02906650302940226,0.0001555849040068403,4.58750042801547e-05,0.11613397431917155,0.00019175667298970976,1882.7882502844607
2026-06-29,0.028991859714859174,0.00015811628420324227,4.624445408367274e-05,0.1160551528604525,0.00019425853787677952,1884.261378985264
2026-06-30,0.028998759484085822,0.00016124137979476772,4.763141021890539e-05,0.11606524386121038,0.0002054064586721294,1892.8842667820616
2026-07-01,0.029017678118696637,0.00016477954657609375,4.800018379505214e-05,0.1160981992505631,0.00020672197864715172,1892.8842667820616
2026-07-02,0.028952986930433158,0.00016275144404887817,4.77878648173875e-05,0.11609190443308091,0.00020597009999969988,1891.0359570670232
2026-07-03,0.02894122483039592,0.0001633853273623523,4.727864972052814e-05,0.11613357545069922,0.0002196829669442581,1892.1024234068202
2026-07-04,0.028819942171787773,0.00016035870612501047,4.507461618222801e-05,0.11615381914208515,0.00021987092260806855,1892.7977374866173
2026-07-05,0.028778747186449793,0.000162645649948022,4.468357590367841e-05,0.11611153033075837,0.00022341664114772667,1893.1301662167975
2026-07-06,0.02902781260748449,0.00016381818340938632,4.4877563756652734e-05,0.11606920852277985,0.00022935650121493428,1893.898481746134
2026-07-07,0.029239433853834172,0.00016177020576466588,4.468893585145619e-05,0.11605965199219223,0.0002319201747388889,1895.5727082016049
2026-07-08,0.029497617577017382,0.0001642066756762084,4.4587294337367296e-05,0.11607034744848731,0.00022780288453613405,1893.4234494986401
2026-07-09,0.029406734699279857,0.00016546319138724765,4.41114735431706e-05,0.11608821526896894,0.00022822917888919506,1894.6392847520376
2026-07-10,0.029235545034309605,0.000165411357192938,4.350794901179805e-05,0.1160783908616511,0.00021511259544877684,1895.2788713075115
2026-07-11,0.029181781397161915,0.0001718384435674371,4.3128404071483383e-05,0.11606134656542834,0.0002081173032846717,1894.7327926560906
2026-07-12,0.029264940351546833,0.00016910201468833184,4.3203200178176016e-05,0.11621871745733756,0.00019504880296674154,1894.7327926560902
2026-07-13,0.029520523111535645,0.000168320498455528,4.3085629717792246e-05,0.11643262823138359,0.00019843312331806534,1895.173963267147
2026-07-14,0.029461019847404263,0.00016828667561003292,4.3243667065404405e-05,0.11664146454441286,0.00019649199627067465,1894.6136635841735
2026-07-15,0.029303227472448873,0.00016583642300550382,4.225253013795308e-05,0.11674323478785127,0.00019624162199228642,1894.6136635841735
2026-07-16,0.02927049434615785,0.0001677343014865673,4.220150424074207e-05,0.11675022103294735,0.00018959607766072547,1896.0079736004593
2026-07-17,0.029266670706870144,0.00016591840457019113,4.210486390593469e-05,0.11673383071058817,0.00019870298413125618,1895.765659600093
2026-07-18,0.02923404444928335,0.0001616243335502547,4.1663616718100976e-05,0.11667793038590196,0.00019944749483923329,1894.8010064959933
2026-07-19,0.029363479753724928,0.00016025249560832703,4.114884182483985e-05,0.11665756504548858,0.00018054665889363685,1894.1809404737023
2026-07-20,0.029429711078170082,0.00016094873346468689,4.127372098928954e-05,0.11652038488767327,0.00016810915765744786,1895.3960240725226
2026-07-21,0.02954579800709948,0.0001653850441472616,4.2391942672167954e-05,0.11631375143065727,0.00016035471940354127,1895.3960240725226
2026-07-22,0.02991386960401326,0.00016520423325835755,4.3036846611950113e-05,0.11617120595802789,0.00014799928675556713,1895.454765332786
2026-07-23,0.03015926733768214,0.0001651092957627564,4.3446613065859584e-05,0.11610263577318843,0.00013692752833635355,1900.0791493871982
2026-07-24,0.030427656524560916,0.00016733322686649304,4.437774856301947e-05,0.11618936302294261,0.0001371038536398286,1894.3586568962014
2026-07-25,0.03039579457800962,0.0001669783788821545,4.496871586689915e-05,0.11628052044027254,0.00014668680848886753,1894.726179865167
2026-07-26,0.030373512990881063,0.00016824583563182166,4.479109583771804e-05,0.11648555152801698,0.000141829483773905,1895.2276567723297
2026-07-27,0.030316365076028813,0.00017314310290093333,4.490792491925712e-05,0.1166659322171608,0.00013328970141938772,1896.8004426842572
2026-07-28,0.030252332078394947,0.0001730269513621566,4.4141508503561994e-05,0.11685879176110511,0.00010972339196869732,1896.3340708293535
2026-07-29,0.030577998993410894,0.00017245003216399146,4.3574499496420225e-05,0.11701538061835814,0.00010074017158180115,1895.3023833457555
2026-07-30,0.03071978066654728,0.0001694054024616135,4.204711101150773e-05,0.11714583301823402,8.626722690318608e-05,1894.4421510361044
2026-07-31,0.03086818029607395,0.00016396122607427826,4.1130478746528444e-05,0.11723732866380766,8.495346952146695e-05,1893.2669805340881
2026-08-01,0.03081715968507777,0.0001647001146316924,3.989232547795242e-05,0.11736084514030325,8.781932772570776e-05,1894.3678633077875
2026-08-02,0.030720524440468935,0.00016144345973034507,3.86317665429461e-05,0.11749263386506882,7.823072813715256e-05,1893.082333268132
2026-08-03,0.030803524716739132,0.00016002538965448392,3.847941307178581e-05,0.11758292867773602,7.658676236414833e-05,1891.6139890021109
2026-08-04,0.030975558081283154,0.00016061211543055853,3.8633846241383365e-05,0.11764469802883742,7.386785715984235e-05,1890.9440710577278
2026-08-05,0.03080736178745722,0.00015802832013327815,3.8260116285991934e-05,0.11765876308833274,7.575277331352896e-05,1891.7331450344232
2026-08-06,0.030562124587851198,0.0001594291814971331,3.828644281958409e-05,0.11781381714456482,7.66790623286005e-05,1891.7011545548444
2026-08-07,0.03036927195842691,0.0001590031095465109,3.772981923983717e-05,0.11790210068600727,6.045213886313715e-05,1892.9868269671827
2026-08-08,0.030542522310190945,0.00015768852153956575,3.728672554180504e-05,0.11798221489543431,4.801681849123594e-05,1892.1529715825102
2026-08-09,0.03070686724679638,0.00015889079875153566,3.695927088980867e-05,0.11812164515444314,5.38774620318745e-05,1892.859246250886
2026-08-10,0.030908547496165017,0.0001559144618132608,3.771396839678907e-05,0.11829715771776322,7.354116721328805e-05,1892.859246250886
2026-08-11,0.031078596780622653,0.00016032777021224144,3.774998904800839e-05,0.11847959925543582,9.772648167564114e-05,1892.859246250886
2026-08-12,0.03094471693953908,0.0001608486094208236,3.786769537152822e-05,0.11855589842552655,9.785501777987573e-05,1893.7265753750542
2026-08-13,0.03106019501089154,0.00015963592009828926,3.8242930175331925e-05,0.11857216288364905,0.0001002312827486431,1893.7265753750542
2026-08-14,0.03166607089764651,0.00016251757537233326,3.929043160041582e-05,0.11865040443415907,0.00010538878552934878,1889.0764701553985
2026-08-15,0.032007024909828936,0.00016392719292791729,3.9447251762772715e-05,0.11879506037576389,0.00010809401663282013,1886.8824280832414
2026-08-16,0.03213132123892506,0.0001651349326714598,3.913433707237104e-05,0.11889232545153895,0.00010037368680249291,1888.0257819807011
2026-08-17,0.032226814800054064,0.000168714238730791,3.8524160149676777e-05,0.11910150911916721,9.504052160225581e-05,1889.2983187305122
2026-08-18,0.032103445112250016,0.0001694587258433425,3.7925894928313815e-05,0.11924542323598318,0.00010023898732085445,1889.298318730512
2026-08-19,0.031929979748916815,0.00016869936591022732,3.755265617156308e-05,0.11945340424869792,0.00011122550592249585,1887.3587106240861
2026-08-20,0.03165994479758499,0.0001651321465351698,3.628788693746619e-05,0.11971106695585278,0.00012331869817377232,1887.8380667736467
2026-08-21,0.031279407113554314,0.00016424701971566306,3.566802648138253e-05,0.11999865014035743,0.00013021061384328945,1887.4102070010445
2026-08-22,0.031027550284654502,0.00016382779282530938,3.488433180840269e-05,0.12019337423661217,0.00012946561061350002,1887.5187501222624
2026-08-23,0.030896119410890117,0.00016216019060961545,3.384701186454596e-05,0.12030531375569366,0.00012128293903363187,1890.5773594522896
